txHash,from,to,value,from0,to0,value0,from1,to1,value1,from2,to2,value2,from3,to3,value3,from4,to4,value4
1672426769,0x85055420eb3f77168449a9cca9368fbe2ef2f25c0281ecc1779a2f78ec46d6a8,0xc1286347b69ed80e640c8af18dace17df0a6dd7c,0xbc0a50d62a07b8392f89216d58f958d1d119d94a,0,call
1672426802,0x922a7e7f921590cc8b4b14732c31bbf4ea0532476d3eb90b71a578d4f8aa02fc,0xc1286347b69ed80e640c8af18dace17df0a6dd7c,0xbc0a50d62a07b8392f89216d58f958d1d119d94a,1000000000000000000,call,0xbc0a50d62a07b8392f89216d58f958d1d119d94a,0x7e4de055454d47bb06f310b4b16076dc6eae83c9,1000000000000000000,0x7e4de055454d47bb06f310b4b16076dc6eae83c9,0xbc0a50d62a07b8392f89216d58f958d1d119d94a,400000000000000000,0x7e4de055454d47bb06f310b4b16076dc6eae83c9,0xa52a60ab5e0ba8a25528e8074059f8ae1c5e3594,100000000000000000
1672426951,0xb3a8b27c3d41188979d74a299af05d9a82e69236755bc8e90d38fc960ef7c563,0xa476616484fd7fdf0b0af702dd8dcebecc3cbf75,0xbc0a50d62a07b8392f89216d58f958d1d119d94a,4000000000000000000,call,0xbc0a50d62a07b8392f89216d58f958d1d119d94a,0x7e4de055454d47bb06f310b4b16076dc6eae83c9,4000000000000000000,0x7e4de055454d47bb06f310b4b16076dc6eae83c9,0xbc0a50d62a07b8392f89216d58f958d1d119d94a,1600000000000000000,0x7e4de055454d47bb06f310b4b16076dc6eae83c9,0xa52a60ab5e0ba8a25528e8074059f8ae1c5e3594,400000000000000000
1672426951,0x580f0857f43ff0cbdaf905a80d823825766dbc7212d42c21c477f30ac6d3059f,0xa476616484fd7fdf0b0af702dd8dcebecc3cbf75,0xbc0a50d62a07b8392f89216d58f958d1d119d94a,4000000000000000000,call,0xbc0a50d62a07b8392f89216d58f958d1d119d94a,0x7e4de055454d47bb06f310b4b16076dc6eae83c9,4000000000000000000,0x7e4de055454d47bb06f310b4b16076dc6eae83c9,0xbc0a50d62a07b8392f89216d58f958d1d119d94a,5600000000000000000,0x7e4de055454d47bb06f310b4b16076dc6eae83c9,0xa52a60ab5e0ba8a25528e8074059f8ae1c5e3594,400000000000000000
1672426951,0x85fb00c820be69a392a08f555c080d4bd45a7b9870df4205a1eb86a9f01bd7ce,0xa476616484fd7fdf0b0af702dd8dcebecc3cbf75,0xbc0a50d62a07b8392f89216d58f958d1d119d94a,4000000000000000000,call,0xbc0a50d62a07b8392f89216d58f958d1d119d94a,0x7e4de055454d47bb06f310b4b16076dc6eae83c9,4000000000000000000,0x7e4de055454d47bb06f310b4b16076dc6eae83c9,0xbc0a50d62a07b8392f89216d58f958d1d119d94a,1600000000000000000,0x7e4de055454d47bb06f310b4b16076dc6eae83c9,0xa52a60ab5e0ba8a25528e8074059f8ae1c5e3594,400000000000000000
1672427022,0xb96938182ccb0428da9bfb98114d0a266f36300e54feea1bab78dc8c3cbc4072,0xa476616484fd7fdf0b0af702dd8dcebecc3cbf75,0xbc0a50d62a07b8392f89216d58f958d1d119d94a,8000000000000000000,call,0xbc0a50d62a07b8392f89216d58f958d1d119d94a,0x7e4de055454d47bb06f310b4b16076dc6eae83c9,8000000000000000000,0x7e4de055454d47bb06f310b4b16076dc6eae83c9,0xbc0a50d62a07b8392f89216d58f958d1d119d94a,3200000000000000000,0x7e4de055454d47bb06f310b4b16076dc6eae83c9,0xa52a60ab5e0ba8a25528e8074059f8ae1c5e3594,800000000000000000
1672427022,0x42d4b0b37ad84f3ab46fe0d56380bd950eb821fff4ef413859cb0ab8d90647e4,0xa476616484fd7fdf0b0af702dd8dcebecc3cbf75,0xbc0a50d62a07b8392f89216d58f958d1d119d94a,10000000000000000000,call,0xbc0a50d62a07b8392f89216d58f958d1d119d94a,0x7e4de055454d47bb06f310b4b16076dc6eae83c9,10000000000000000000,0x7e4de055454d47bb06f310b4b16076dc6eae83c9,0xbc0a50d62a07b8392f89216d58f958d1d119d94a,4000000000000000000,0x7e4de055454d47bb06f310b4b16076dc6eae83c9,0xa52a60ab5e0ba8a25528e8074059f8ae1c5e3594,1000000000000000000
1672427022,0xd7ebe026881c85b4b9bad5775e2941099117ef84430514e6df018c92a77c3c54,0xa476616484fd7fdf0b0af702dd8dcebecc3cbf75,0xbc0a50d62a07b8392f89216d58f958d1d119d94a,10000000000000000000,call,0xbc0a50d62a07b8392f89216d58f958d1d119d94a,0x7e4de055454d47bb06f310b4b16076dc6eae83c9,10000000000000000000,0x7e4de055454d47bb06f310b4b16076dc6eae83c9,0xbc0a50d62a07b8392f89216d58f958d1d119d94a,4000000000000000000,0x7e4de055454d47bb06f310b4b16076dc6eae83c9,0xa52a60ab5e0ba8a25528e8074059f8ae1c5e3594,1000000000000000000
1672427037,0x4d8d74185211bf5a43f9186ab76f485e32dbd701c63475fb5bd001df5d86e420,0xa476616484fd7fdf0b0af702dd8dcebecc3cbf75,0xbc0a50d62a07b8392f89216d58f958d1d119d94a,10000000000000000000,call,0xbc0a50d62a07b8392f89216d58f958d1d119d94a,0x7e4de055454d47bb06f310b4b16076dc6eae83c9,10000000000000000000,0x7e4de055454d47bb06f310b4b16076dc6eae83c9,0xbc0a50d62a07b8392f89216d58f958d1d119d94a,4000000000000000000,0x7e4de055454d47bb06f310b4b16076dc6eae83c9,0xa52a60ab5e0ba8a25528e8074059f8ae1c5e3594,1000000000000000000
1672427052,0x9c29245b4aa08d8f5baa9a885eefa222d2f82cff1a8573c8480c537d4317bdc2,0xa476616484fd7fdf0b0af702dd8dcebecc3cbf75,0xbc0a50d62a07b8392f89216d58f958d1d119d94a,10000000000000000000,call,0xbc0a50d62a07b8392f89216d58f958d1d119d94a,0x7e4de055454d47bb06f310b4b16076dc6eae83c9,10000000000000000000,0x7e4de055454d47bb06f310b4b16076dc6eae83c9,0xbc0a50d62a07b8392f89216d58f958d1d119d94a,4000000000000000000,0x7e4de055454d47bb06f310b4b16076dc6eae83c9,0xa52a60ab5e0ba8a25528e8074059f8ae1c5e3594,1000000000000000000
1672427067,0x42eb7ff7f98755e3472d4e725ba65725bbc7697fbb6c4d8e97da3366531dcf18,0xa476616484fd7fdf0b0af702dd8dcebecc3cbf75,0xbc0a50d62a07b8392f89216d58f958d1d119d94a,10000000000000000000,call,0xbc0a50d62a07b8392f89216d58f958d1d119d94a,0x7e4de055454d47bb06f310b4b16076dc6eae83c9,10000000000000000000,0x7e4de055454d47bb06f310b4b16076dc6eae83c9,0xbc0a50d62a07b8392f89216d58f958d1d119d94a,4000000000000000000,0x7e4de055454d47bb06f310b4b16076dc6eae83c9,0xa52a60ab5e0ba8a25528e8074059f8ae1c5e3594,1000000000000000000
1672427067,0xaae5b7e4856e82392ab5ed2c1bcedad9e7c5b67db9b7c974f448f7336a413187,0xa476616484fd7fdf0b0af702dd8dcebecc3cbf75,0xbc0a50d62a07b8392f89216d58f958d1d119d94a,10000000000000000000,call,0xbc0a50d62a07b8392f89216d58f958d1d119d94a,0x7e4de055454d47bb06f310b4b16076dc6eae83c9,10000000000000000000,0x7e4de055454d47bb06f310b4b16076dc6eae83c9,0xbc0a50d62a07b8392f89216d58f958d1d119d94a,4000000000000000000,0x7e4de055454d47bb06f310b4b16076dc6eae83c9,0xa52a60ab5e0ba8a25528e8074059f8ae1c5e3594,1000000000000000000
1672427067,0xa1c79293a59f650fdd1531ccdb64f6aa743b30b6b714a8de9337ecca29fc40dc,0xa476616484fd7fdf0b0af702dd8dcebecc3cbf75,0xbc0a50d62a07b8392f89216d58f958d1d119d94a,10000000000000000000,call,0xbc0a50d62a07b8392f89216d58f958d1d119d94a,0x7e4de055454d47bb06f310b4b16076dc6eae83c9,10000000000000000000,0x7e4de055454d47bb06f310b4b16076dc6eae83c9,0xbc0a50d62a07b8392f89216d58f958d1d119d94a,14000000000000000000,0x7e4de055454d47bb06f310b4b16076dc6eae83c9,0xa52a60ab5e0ba8a25528e8074059f8ae1c5e3594,1000000000000000000
1672427097,0x0cc787170ed0b8b8df945ae114c3d547e00ca52b4737695df8626f97403befb1,0xa476616484fd7fdf0b0af702dd8dcebecc3cbf75,0xbc0a50d62a07b8392f89216d58f958d1d119d94a,30000000000000000000,call,0xbc0a50d62a07b8392f89216d58f958d1d119d94a,0x7e4de055454d47bb06f310b4b16076dc6eae83c9,30000000000000000000,0x7e4de055454d47bb06f310b4b16076dc6eae83c9,0xbc0a50d62a07b8392f89216d58f958d1d119d94a,12000000000000000000,0x7e4de055454d47bb06f310b4b16076dc6eae83c9,0xa52a60ab5e0ba8a25528e8074059f8ae1c5e3594,3000000000000000000
1672427172,0x0fc01f065fc7f526bf89eef59cdaa0870b6eb536be74bc10593803c9ff36e1b1,0xa476616484fd7fdf0b0af702dd8dcebecc3cbf75,0xbc0a50d62a07b8392f89216d58f958d1d119d94a,30000000000000000000,call,0xbc0a50d62a07b8392f89216d58f958d1d119d94a,0x7e4de055454d47bb06f310b4b16076dc6eae83c9,30000000000000000000,0x7e4de055454d47bb06f310b4b16076dc6eae83c9,0xbc0a50d62a07b8392f89216d58f958d1d119d94a,12000000000000000000,0x7e4de055454d47bb06f310b4b16076dc6eae83c9,0xa52a60ab5e0ba8a25528e8074059f8ae1c5e3594,3000000000000000000
1672427252,0x3c272114fefe06977ede4002859fc680fbf3809cce4f45b8a86c662ffbc0c716,0xa476616484fd7fdf0b0af702dd8dcebecc3cbf75,0xbc0a50d62a07b8392f89216d58f958d1d119d94a,4000000000000000000,call,0xbc0a50d62a07b8392f89216d58f958d1d119d94a,0x7e4de055454d47bb06f310b4b16076dc6eae83c9,4000000000000000000,0x7e4de055454d47bb06f310b4b16076dc6eae83c9,0xbc0a50d62a07b8392f89216d58f958d1d119d94a,1600000000000000000,0x7e4de055454d47bb06f310b4b16076dc6eae83c9,0xa52a60ab5e0ba8a25528e8074059f8ae1c5e3594,400000000000000000
1672427267,0x511368e1bf3d1265e3f1b5108c53cbbd2b277a7aed443ccd9b972931a7be7c1d,0xa476616484fd7fdf0b0af702dd8dcebecc3cbf75,0xbc0a50d62a07b8392f89216d58f958d1d119d94a,4000000000000000000,call,0xbc0a50d62a07b8392f89216d58f958d1d119d94a,0x7e4de055454d47bb06f310b4b16076dc6eae83c9,4000000000000000000,0x7e4de055454d47bb06f310b4b16076dc6eae83c9,0xbc0a50d62a07b8392f89216d58f958d1d119d94a,5600000000000000000,0x7e4de055454d47bb06f310b4b16076dc6eae83c9,0xa52a60ab5e0ba8a25528e8074059f8ae1c5e3594,400000000000000000
1672427267,0xd55d96203141babec0ca89fcfd89e46a8409e671ccec7dc8876c2afc1ee0a66f,0xa476616484fd7fdf0b0af702dd8dcebecc3cbf75,0xbc0a50d62a07b8392f89216d58f958d1d119d94a,0,call,0xbc0a50d62a07b8392f89216d58f958d1d119d94a,0x7e4de055454d47bb06f310b4b16076dc6eae83c9,0,0x7e4de055454d47bb06f310b4b16076dc6eae83c9,0xbc0a50d62a07b8392f89216d58f958d1d119d94a,0,0x7e4de055454d47bb06f310b4b16076dc6eae83c9,0xa52a60ab5e0ba8a25528e8074059f8ae1c5e3594,0
1672427267,0xa5a39627c0e2e92262feb8000de478661f05f928788177049b8e8f859404ace7,0xa476616484fd7fdf0b0af702dd8dcebecc3cbf75,0xbc0a50d62a07b8392f89216d58f958d1d119d94a,8000000000000000000,call,0xbc0a50d62a07b8392f89216d58f958d1d119d94a,0x7e4de055454d47bb06f310b4b16076dc6eae83c9,8000000000000000000,0x7e4de055454d47bb06f310b4b16076dc6eae83c9,0xbc0a50d62a07b8392f89216d58f958d1d119d94a,11200000000000000000,0x7e4de055454d47bb06f310b4b16076dc6eae83c9,0xa52a60ab5e0ba8a25528e8074059f8ae1c5e3594,800000000000000000
1672427341,0x63735bf91db3fb39bbd0b9990fbd2064fa4ce21a50bd6070d37a407f97cc08c1,0xa476616484fd7fdf0b0af702dd8dcebecc3cbf75,0xbc0a50d62a07b8392f89216d58f958d1d119d94a,4000000000000000000,call,0xbc0a50d62a07b8392f89216d58f958d1d119d94a,0x7e4de055454d47bb06f310b4b16076dc6eae83c9,4000000000000000000,0x7e4de055454d47bb06f310b4b16076dc6eae83c9,0xbc0a50d62a07b8392f89216d58f958d1d119d94a,1600000000000000000,0x7e4de055454d47bb06f310b4b16076dc6eae83c9,0xa52a60ab5e0ba8a25528e8074059f8ae1c5e3594,400000000000000000
1672427386,0xcccee904ad6c3660fae3df07e2fc0f4d807dbd6117a4e7b642f410ac8a00a764,0xa476616484fd7fdf0b0af702dd8dcebecc3cbf75,0xbc0a50d62a07b8392f89216d58f958d1d119d94a,10000000000000000000,call,0xbc0a50d62a07b8392f89216d58f958d1d119d94a,0x7e4de055454d47bb06f310b4b16076dc6eae83c9,10000000000000000000,0x7e4de055454d47bb06f310b4b16076dc6eae83c9,0xbc0a50d62a07b8392f89216d58f958d1d119d94a,4000000000000000000,0x7e4de055454d47bb06f310b4b16076dc6eae83c9,0xa52a60ab5e0ba8a25528e8074059f8ae1c5e3594,1000000000000000000
1672427457,0x1074569c2555b0b7eabfdfe5438b2e376fa93c2797f6f881a8ff162e82255b61,0xa476616484fd7fdf0b0af702dd8dcebecc3cbf75,0xbc0a50d62a07b8392f89216d58f958d1d119d94a,20000000000000000000,call,0xbc0a50d62a07b8392f89216d58f958d1d119d94a,0x7e4de055454d47bb06f310b4b16076dc6eae83c9,20000000000000000000,0x7e4de055454d47bb06f310b4b16076dc6eae83c9,0xbc0a50d62a07b8392f89216d58f958d1d119d94a,28000000000000000000,0x7e4de055454d47bb06f310b4b16076dc6eae83c9,0xa52a60ab5e0ba8a25528e8074059f8ae1c5e3594,2000000000000000000
1672427457,0x763f3a00bebc22f57aba27d829badd651b28cfb41e68d104f42f385fe41aeb35,0xa476616484fd7fdf0b0af702dd8dcebecc3cbf75,0xbc0a50d62a07b8392f89216d58f958d1d119d94a,20000000000000000000,call,0xbc0a50d62a07b8392f89216d58f958d1d119d94a,0x7e4de055454d47bb06f310b4b16076dc6eae83c9,20000000000000000000,0x7e4de055454d47bb06f310b4b16076dc6eae83c9,0xbc0a50d62a07b8392f89216d58f958d1d119d94a,28000000000000000000,0x7e4de055454d47bb06f310b4b16076dc6eae83c9,0xa52a60ab5e0ba8a25528e8074059f8ae1c5e3594,2000000000000000000
1672427457,0x9d6a21e13b08fd6a3d6dbdbeec4a167c20c6d40ec64913792800ae10a4352135,0xa476616484fd7fdf0b0af702dd8dcebecc3cbf75,0xbc0a50d62a07b8392f89216d58f958d1d119d94a,20000000000000000000,call,0xbc0a50d62a07b8392f89216d58f958d1d119d94a,0x7e4de055454d47bb06f310b4b16076dc6eae83c9,20000000000000000000,0x7e4de055454d47bb06f310b4b16076dc6eae83c9,0xbc0a50d62a07b8392f89216d58f958d1d119d94a,8000000000000000000,0x7e4de055454d47bb06f310b4b16076dc6eae83c9,0xa52a60ab5e0ba8a25528e8074059f8ae1c5e3594,2000000000000000000
1672427457,0x97d030df3fa6071558559688c5a0dae1dfd7e34cfb4bc6817ff2589f8a330c25,0xa476616484fd7fdf0b0af702dd8dcebecc3cbf75,0xbc0a50d62a07b8392f89216d58f958d1d119d94a,20000000000000000000,call,0xbc0a50d62a07b8392f89216d58f958d1d119d94a,0x7e4de055454d47bb06f310b4b16076dc6eae83c9,20000000000000000000,0x7e4de055454d47bb06f310b4b16076dc6eae83c9,0xbc0a50d62a07b8392f89216d58f958d1d119d94a,28000000000000000000,0x7e4de055454d47bb06f310b4b16076dc6eae83c9,0xa52a60ab5e0ba8a25528e8074059f8ae1c5e3594,2000000000000000000
1672427554,0x5e13e58238935def703b63ad3e53c00ea7f663e39193bddbb2f292c59cdd87e1,0xa476616484fd7fdf0b0af702dd8dcebecc3cbf75,0xbc0a50d62a07b8392f89216d58f958d1d119d94a,0,call,0xbc0a50d62a07b8392f89216d58f958d1d119d94a,0x7e4de055454d47bb06f310b4b16076dc6eae83c9,0,0x7e4de055454d47bb06f310b4b16076dc6eae83c9,0xbc0a50d62a07b8392f89216d58f958d1d119d94a,0,0x7e4de055454d47bb06f310b4b16076dc6eae83c9,0xa52a60ab5e0ba8a25528e8074059f8ae1c5e3594,0
1672427554,0x16bf19836afa864aa97a2b8565ea32499634da915acab672a492d4f9930b85e5,0xa476616484fd7fdf0b0af702dd8dcebecc3cbf75,0xbc0a50d62a07b8392f89216d58f958d1d119d94a,3000000000000000000,call,0xbc0a50d62a07b8392f89216d58f958d1d119d94a,0x7e4de055454d47bb06f310b4b16076dc6eae83c9,3000000000000000000,0x7e4de055454d47bb06f310b4b16076dc6eae83c9,0xbc0a50d62a07b8392f89216d58f958d1d119d94a,1200000000000000000,0x7e4de055454d47bb06f310b4b16076dc6eae83c9,0xa52a60ab5e0ba8a25528e8074059f8ae1c5e3594,300000000000000000
1672427554,0x2758eb2c412ffdcb80fac43a04af2dc169e157a015a6f39d7b391d5fa16ce5bb,0xa476616484fd7fdf0b0af702dd8dcebecc3cbf75,0xbc0a50d62a07b8392f89216d58f958d1d119d94a,3000000000000000000,call,0xbc0a50d62a07b8392f89216d58f958d1d119d94a,0x7e4de055454d47bb06f310b4b16076dc6eae83c9,3000000000000000000,0x7e4de055454d47bb06f310b4b16076dc6eae83c9,0xbc0a50d62a07b8392f89216d58f958d1d119d94a,1200000000000000000,0x7e4de055454d47bb06f310b4b16076dc6eae83c9,0xa52a60ab5e0ba8a25528e8074059f8ae1c5e3594,300000000000000000
1672427714,0x7642b0600c28ca8f48ef2077b3670757e1420714169511aaeee8f3c77d3a791c,0xa476616484fd7fdf0b0af702dd8dcebecc3cbf75,0xbc0a50d62a07b8392f89216d58f958d1d119d94a,10000000000000000000,call,0xbc0a50d62a07b8392f89216d58f958d1d119d94a,0x7e4de055454d47bb06f310b4b16076dc6eae83c9,10000000000000000000,0x7e4de055454d47bb06f310b4b16076dc6eae83c9,0xbc0a50d62a07b8392f89216d58f958d1d119d94a,4000000000000000000,0x7e4de055454d47bb06f310b4b16076dc6eae83c9,0xa52a60ab5e0ba8a25528e8074059f8ae1c5e3594,1000000000000000000
1672427729,0xcb7682482f00e2318c348967e3ea29dcb0ee1d9c09b31c6661c024deb90fbec5,0xa476616484fd7fdf0b0af702dd8dcebecc3cbf75,0xbc0a50d62a07b8392f89216d58f958d1d119d94a,10000000000000000000,call,0xbc0a50d62a07b8392f89216d58f958d1d119d94a,0x7e4de055454d47bb06f310b4b16076dc6eae83c9,10000000000000000000,0x7e4de055454d47bb06f310b4b16076dc6eae83c9,0xbc0a50d62a07b8392f89216d58f958d1d119d94a,14000000000000000000,0x7e4de055454d47bb06f310b4b16076dc6eae83c9,0xa52a60ab5e0ba8a25528e8074059f8ae1c5e3594,1000000000000000000
1672427729,0xeba9f7b2b9e4cbbac56622a67da1388c75d26b8fd733a8988183638fd2dbc756,0xa476616484fd7fdf0b0af702dd8dcebecc3cbf75,0xbc0a50d62a07b8392f89216d58f958d1d119d94a,0,call,0xbc0a50d62a07b8392f89216d58f958d1d119d94a,0x7e4de055454d47bb06f310b4b16076dc6eae83c9,0,0x7e4de055454d47bb06f310b4b16076dc6eae83c9,0xbc0a50d62a07b8392f89216d58f958d1d119d94a,0,0x7e4de055454d47bb06f310b4b16076dc6eae83c9,0xa52a60ab5e0ba8a25528e8074059f8ae1c5e3594,0
1672427796,0xbfccff873d2bc149b5339f96535972ca9c5566d850f584dba801d92ded8ad9fc,0xa476616484fd7fdf0b0af702dd8dcebecc3cbf75,0xbc0a50d62a07b8392f89216d58f958d1d119d94a,8000000000000000000,call,0xbc0a50d62a07b8392f89216d58f958d1d119d94a,0x7e4de055454d47bb06f310b4b16076dc6eae83c9,8000000000000000000,0x7e4de055454d47bb06f310b4b16076dc6eae83c9,0xbc0a50d62a07b8392f89216d58f958d1d119d94a,3200000000000000000,0x7e4de055454d47bb06f310b4b16076dc6eae83c9,0xa52a60ab5e0ba8a25528e8074059f8ae1c5e3594,800000000000000000
1672427856,0x235f972f79badfe4ac759f56ce8441f7fd885763009ebd1a16e391273911591e,0xa476616484fd7fdf0b0af702dd8dcebecc3cbf75,0xbc0a50d62a07b8392f89216d58f958d1d119d94a,28000000000000000000,call,0xbc0a50d62a07b8392f89216d58f958d1d119d94a,0x7e4de055454d47bb06f310b4b16076dc6eae83c9,28000000000000000000,0x7e4de055454d47bb06f310b4b16076dc6eae83c9,0xbc0a50d62a07b8392f89216d58f958d1d119d94a,11200000000000000000,0x7e4de055454d47bb06f310b4b16076dc6eae83c9,0xa52a60ab5e0ba8a25528e8074059f8ae1c5e3594,2800000000000000000
1672427856,0x53ad5671daaa5bc983d0f0e84ad3b89e1a1524cdf6842516a53c075cfd277446,0xa476616484fd7fdf0b0af702dd8dcebecc3cbf75,0xbc0a50d62a07b8392f89216d58f958d1d119d94a,28000000000000000000,call,0xbc0a50d62a07b8392f89216d58f958d1d119d94a,0x7e4de055454d47bb06f310b4b16076dc6eae83c9,28000000000000000000,0x7e4de055454d47bb06f310b4b16076dc6eae83c9,0xbc0a50d62a07b8392f89216d58f958d1d119d94a,11200000000000000000,0x7e4de055454d47bb06f310b4b16076dc6eae83c9,0xa52a60ab5e0ba8a25528e8074059f8ae1c5e3594,2800000000000000000
1672427856,0x79c62b969bdc0687e51e87a28054cd3564b99bd7d7ac8fd480a31fddf4d4c9f1,0xa476616484fd7fdf0b0af702dd8dcebecc3cbf75,0xbc0a50d62a07b8392f89216d58f958d1d119d94a,28000000000000000000,call,0xbc0a50d62a07b8392f89216d58f958d1d119d94a,0x7e4de055454d47bb06f310b4b16076dc6eae83c9,28000000000000000000,0x7e4de055454d47bb06f310b4b16076dc6eae83c9,0xbc0a50d62a07b8392f89216d58f958d1d119d94a,11200000000000000000,0x7e4de055454d47bb06f310b4b16076dc6eae83c9,0xa52a60ab5e0ba8a25528e8074059f8ae1c5e3594,2800000000000000000
1672442078,0x92800d9fe5aced4cf91b5b655cc69f4887ae1a479a041259070890d363355cd8,0xc1286347b69ed80e640c8af18dace17df0a6dd7c,0xbc0a50d62a07b8392f89216d58f958d1d119d94a,0,call
1672449797,0xf03aa8f833599325256ff175185204038a09c3b2c37d8336493f22edac948cc4,0xc1286347b69ed80e640c8af18dace17df0a6dd7c,0xbc0a50d62a07b8392f89216d58f958d1d119d94a,10000000000000000000,call,0xbc0a50d62a07b8392f89216d58f958d1d119d94a,0x7e4de055454d47bb06f310b4b16076dc6eae83c9,10000000000000000000,0x7e4de055454d47bb06f310b4b16076dc6eae83c9,0xbc0a50d62a07b8392f89216d58f958d1d119d94a,14000000000000000000,0x7e4de055454d47bb06f310b4b16076dc6eae83c9,0xa52a60ab5e0ba8a25528e8074059f8ae1c5e3594,1000000000000000000
1672449812,0x0adee83d0afe488567ac623d03d733ed4f058f0e5ae5a0b88e968049e44642bd,0xc1286347b69ed80e640c8af18dace17df0a6dd7c,0xbc0a50d62a07b8392f89216d58f958d1d119d94a,10000000000000000000,call,0xbc0a50d62a07b8392f89216d58f958d1d119d94a,0x7e4de055454d47bb06f310b4b16076dc6eae83c9,10000000000000000000,0x7e4de055454d47bb06f310b4b16076dc6eae83c9,0xbc0a50d62a07b8392f89216d58f958d1d119d94a,4000000000000000000,0x7e4de055454d47bb06f310b4b16076dc6eae83c9,0xa52a60ab5e0ba8a25528e8074059f8ae1c5e3594,1000000000000000000
1672449812,0xee9393cba17ad42f5b84d5fa18c5d8d9b843f5df5500a7a1c0c5634e0c1e3b78,0xc1286347b69ed80e640c8af18dace17df0a6dd7c,0xbc0a50d62a07b8392f89216d58f958d1d119d94a,10000000000000000000,call,0xbc0a50d62a07b8392f89216d58f958d1d119d94a,0x7e4de055454d47bb06f310b4b16076dc6eae83c9,10000000000000000000,0x7e4de055454d47bb06f310b4b16076dc6eae83c9,0xbc0a50d62a07b8392f89216d58f958d1d119d94a,4000000000000000000,0x7e4de055454d47bb06f310b4b16076dc6eae83c9,0xa52a60ab5e0ba8a25528e8074059f8ae1c5e3594,1000000000000000000
1672449812,0xb8f748f4fb54078de4042077bc3f687bb6c30ebec7776dba973306a626a43205,0xc1286347b69ed80e640c8af18dace17df0a6dd7c,0xbc0a50d62a07b8392f89216d58f958d1d119d94a,10000000000000000000,call,0xbc0a50d62a07b8392f89216d58f958d1d119d94a,0x7e4de055454d47bb06f310b4b16076dc6eae83c9,10000000000000000000,0x7e4de055454d47bb06f310b4b16076dc6eae83c9,0xbc0a50d62a07b8392f89216d58f958d1d119d94a,4000000000000000000,0x7e4de055454d47bb06f310b4b16076dc6eae83c9,0xa52a60ab5e0ba8a25528e8074059f8ae1c5e3594,1000000000000000000
1672449888,0x55a21fec964e6b840ed3382acb0078bb7231d560fd5c70287e1f269db41a6d5b,0xc1286347b69ed80e640c8af18dace17df0a6dd7c,0xbc0a50d62a07b8392f89216d58f958d1d119d94a,10000000000000000000,call,0xbc0a50d62a07b8392f89216d58f958d1d119d94a,0x7e4de055454d47bb06f310b4b16076dc6eae83c9,10000000000000000000,0x7e4de055454d47bb06f310b4b16076dc6eae83c9,0xbc0a50d62a07b8392f89216d58f958d1d119d94a,4000000000000000000,0x7e4de055454d47bb06f310b4b16076dc6eae83c9,0xa52a60ab5e0ba8a25528e8074059f8ae1c5e3594,1000000000000000000
1672449888,0x59ef0f36a59a7cef08ac4357a8899ab6ea4b85105814dcd73b2eb1dd22ff4669,0xc1286347b69ed80e640c8af18dace17df0a6dd7c,0xbc0a50d62a07b8392f89216d58f958d1d119d94a,10000000000000000000,call,0xbc0a50d62a07b8392f89216d58f958d1d119d94a,0x7e4de055454d47bb06f310b4b16076dc6eae83c9,10000000000000000000,0x7e4de055454d47bb06f310b4b16076dc6eae83c9,0xbc0a50d62a07b8392f89216d58f958d1d119d94a,4000000000000000000,0x7e4de055454d47bb06f310b4b16076dc6eae83c9,0xa52a60ab5e0ba8a25528e8074059f8ae1c5e3594,1000000000000000000
1672449888,0x3e06076e66cc2a66935a3078a6e56ca0693cc7553a8cd77c71efe70d1c8582a8,0xc1286347b69ed80e640c8af18dace17df0a6dd7c,0xbc0a50d62a07b8392f89216d58f958d1d119d94a,10000000000000000000,call,0xbc0a50d62a07b8392f89216d58f958d1d119d94a,0x7e4de055454d47bb06f310b4b16076dc6eae83c9,10000000000000000000,0x7e4de055454d47bb06f310b4b16076dc6eae83c9,0xbc0a50d62a07b8392f89216d58f958d1d119d94a,4000000000000000000,0x7e4de055454d47bb06f310b4b16076dc6eae83c9,0xa52a60ab5e0ba8a25528e8074059f8ae1c5e3594,1000000000000000000
1672449888,0xd534f0797d714be6b4104767c5f0c533b954baa206b8bf6a0cb27b08a415ed93,0xc1286347b69ed80e640c8af18dace17df0a6dd7c,0xbc0a50d62a07b8392f89216d58f958d1d119d94a,10000000000000000000,call,0xbc0a50d62a07b8392f89216d58f958d1d119d94a,0x7e4de055454d47bb06f310b4b16076dc6eae83c9,10000000000000000000,0x7e4de055454d47bb06f310b4b16076dc6eae83c9,0xbc0a50d62a07b8392f89216d58f958d1d119d94a,4000000000000000000,0x7e4de055454d47bb06f310b4b16076dc6eae83c9,0xa52a60ab5e0ba8a25528e8074059f8ae1c5e3594,1000000000000000000
1672449888,0xf01b04775127ae03155680cd1710848e758d23845ccbabbd78e7ffaf36f08522,0xc1286347b69ed80e640c8af18dace17df0a6dd7c,0xbc0a50d62a07b8392f89216d58f958d1d119d94a,10000000000000000000,call,0xbc0a50d62a07b8392f89216d58f958d1d119d94a,0x7e4de055454d47bb06f310b4b16076dc6eae83c9,10000000000000000000,0x7e4de055454d47bb06f310b4b16076dc6eae83c9,0xbc0a50d62a07b8392f89216d58f958d1d119d94a,4000000000000000000,0x7e4de055454d47bb06f310b4b16076dc6eae83c9,0xa52a60ab5e0ba8a25528e8074059f8ae1c5e3594,1000000000000000000
1672449888,0x64944a535f14c4150d092a2f13cc55b29797dde76a81d8449191edd6cb8a9905,0xc1286347b69ed80e640c8af18dace17df0a6dd7c,0xbc0a50d62a07b8392f89216d58f958d1d119d94a,10000000000000000000,call,0xbc0a50d62a07b8392f89216d58f958d1d119d94a,0x7e4de055454d47bb06f310b4b16076dc6eae83c9,10000000000000000000,0x7e4de055454d47bb06f310b4b16076dc6eae83c9,0xbc0a50d62a07b8392f89216d58f958d1d119d94a,4000000000000000000,0x7e4de055454d47bb06f310b4b16076dc6eae83c9,0xa52a60ab5e0ba8a25528e8074059f8ae1c5e3594,1000000000000000000
1672449888,0x87499929dcabfff7142b8829d5321bc48176c336dc2f87be734232225a19811b,0xc1286347b69ed80e640c8af18dace17df0a6dd7c,0xbc0a50d62a07b8392f89216d58f958d1d119d94a,10000000000000000000,call,0xbc0a50d62a07b8392f89216d58f958d1d119d94a,0x7e4de055454d47bb06f310b4b16076dc6eae83c9,10000000000000000000,0x7e4de055454d47bb06f310b4b16076dc6eae83c9,0xbc0a50d62a07b8392f89216d58f958d1d119d94a,4000000000000000000,0x7e4de055454d47bb06f310b4b16076dc6eae83c9,0xa52a60ab5e0ba8a25528e8074059f8ae1c5e3594,1000000000000000000
1672449888,0xbb94ebc8e8b6c43be85ae393a0292196bc09fac2d21db9d8e0ce3f75803d0fd4,0xc1286347b69ed80e640c8af18dace17df0a6dd7c,0xbc0a50d62a07b8392f89216d58f958d1d119d94a,10000000000000000000,call,0xbc0a50d62a07b8392f89216d58f958d1d119d94a,0x7e4de055454d47bb06f310b4b16076dc6eae83c9,10000000000000000000,0x7e4de055454d47bb06f310b4b16076dc6eae83c9,0xbc0a50d62a07b8392f89216d58f958d1d119d94a,4000000000000000000,0x7e4de055454d47bb06f310b4b16076dc6eae83c9,0xa52a60ab5e0ba8a25528e8074059f8ae1c5e3594,1000000000000000000
1672449888,0x8cb9e57dfaf98dd763e8ef1c67d4be0249f22ed86cb0de6776907ff2464ec8c1,0xc1286347b69ed80e640c8af18dace17df0a6dd7c,0xbc0a50d62a07b8392f89216d58f958d1d119d94a,10000000000000000000,call,0xbc0a50d62a07b8392f89216d58f958d1d119d94a,0x7e4de055454d47bb06f310b4b16076dc6eae83c9,10000000000000000000,0x7e4de055454d47bb06f310b4b16076dc6eae83c9,0xbc0a50d62a07b8392f89216d58f958d1d119d94a,4000000000000000000,0x7e4de055454d47bb06f310b4b16076dc6eae83c9,0xa52a60ab5e0ba8a25528e8074059f8ae1c5e3594,1000000000000000000
1672450089,0xda0629344811c9d065bf820d7e32540f692f5e4900f8fe0030b95618a0138c2c,0xc1286347b69ed80e640c8af18dace17df0a6dd7c,0xbc0a50d62a07b8392f89216d58f958d1d119d94a,10000000000000000000,call,0xbc0a50d62a07b8392f89216d58f958d1d119d94a,0x7e4de055454d47bb06f310b4b16076dc6eae83c9,10000000000000000000,0x7e4de055454d47bb06f310b4b16076dc6eae83c9,0xbc0a50d62a07b8392f89216d58f958d1d119d94a,14000000000000000000,0x7e4de055454d47bb06f310b4b16076dc6eae83c9,0xa52a60ab5e0ba8a25528e8074059f8ae1c5e3594,1000000000000000000
1672450089,0xd944daa999f381512057fe3d96a1a47257b39665d556e7920691bf650cb69f3a,0xc1286347b69ed80e640c8af18dace17df0a6dd7c,0xbc0a50d62a07b8392f89216d58f958d1d119d94a,10000000000000000000,call,0xbc0a50d62a07b8392f89216d58f958d1d119d94a,0x7e4de055454d47bb06f310b4b16076dc6eae83c9,10000000000000000000,0x7e4de055454d47bb06f310b4b16076dc6eae83c9,0xbc0a50d62a07b8392f89216d58f958d1d119d94a,14000000000000000000,0x7e4de055454d47bb06f310b4b16076dc6eae83c9,0xa52a60ab5e0ba8a25528e8074059f8ae1c5e3594,1000000000000000000
1672450089,0x7b3298a34a8b452327deca6d1261fb758aba3903ebfd509b5bb1f12b44448d0b,0xc1286347b69ed80e640c8af18dace17df0a6dd7c,0xbc0a50d62a07b8392f89216d58f958d1d119d94a,10000000000000000000,call,0xbc0a50d62a07b8392f89216d58f958d1d119d94a,0x7e4de055454d47bb06f310b4b16076dc6eae83c9,10000000000000000000,0x7e4de055454d47bb06f310b4b16076dc6eae83c9,0xbc0a50d62a07b8392f89216d58f958d1d119d94a,14000000000000000000,0x7e4de055454d47bb06f310b4b16076dc6eae83c9,0xa52a60ab5e0ba8a25528e8074059f8ae1c5e3594,1000000000000000000
1672450089,0xaf826e1c9e7d6111996bb63ff3052b4a78a3ebf9b55d8fb92605040b2bb8424c,0xc1286347b69ed80e640c8af18dace17df0a6dd7c,0xbc0a50d62a07b8392f89216d58f958d1d119d94a,10000000000000000000,call,0xbc0a50d62a07b8392f89216d58f958d1d119d94a,0x7e4de055454d47bb06f310b4b16076dc6eae83c9,10000000000000000000,0x7e4de055454d47bb06f310b4b16076dc6eae83c9,0xbc0a50d62a07b8392f89216d58f958d1d119d94a,14000000000000000000,0x7e4de055454d47bb06f310b4b16076dc6eae83c9,0xa52a60ab5e0ba8a25528e8074059f8ae1c5e3594,1000000000000000000
1672450089,0xdb2d4a4b35c3a5a6b3e62fd4bc70450ef71fbc81345405aa1456f8508ffa5243,0xc1286347b69ed80e640c8af18dace17df0a6dd7c,0xbc0a50d62a07b8392f89216d58f958d1d119d94a,10000000000000000000,call,0xbc0a50d62a07b8392f89216d58f958d1d119d94a,0x7e4de055454d47bb06f310b4b16076dc6eae83c9,10000000000000000000,0x7e4de055454d47bb06f310b4b16076dc6eae83c9,0xbc0a50d62a07b8392f89216d58f958d1d119d94a,14000000000000000000,0x7e4de055454d47bb06f310b4b16076dc6eae83c9,0xa52a60ab5e0ba8a25528e8074059f8ae1c5e3594,1000000000000000000
1672450089,0x70547f9f676900d1ee0f184e2a59b1bc05655eaf1330b80dff5981b9929a30d6,0xc1286347b69ed80e640c8af18dace17df0a6dd7c,0xbc0a50d62a07b8392f89216d58f958d1d119d94a,10000000000000000000,call,0xbc0a50d62a07b8392f89216d58f958d1d119d94a,0x7e4de055454d47bb06f310b4b16076dc6eae83c9,10000000000000000000,0x7e4de055454d47bb06f310b4b16076dc6eae83c9,0xbc0a50d62a07b8392f89216d58f958d1d119d94a,14000000000000000000,0x7e4de055454d47bb06f310b4b16076dc6eae83c9,0xa52a60ab5e0ba8a25528e8074059f8ae1c5e3594,1000000000000000000
1672450089,0x66a8f93f2db43c9259ede6ee45b67f66149aba38cf611d1f433c9ff85dd4f9a7,0xc1286347b69ed80e640c8af18dace17df0a6dd7c,0xbc0a50d62a07b8392f89216d58f958d1d119d94a,10000000000000000000,call,0xbc0a50d62a07b8392f89216d58f958d1d119d94a,0x7e4de055454d47bb06f310b4b16076dc6eae83c9,10000000000000000000,0x7e4de055454d47bb06f310b4b16076dc6eae83c9,0xbc0a50d62a07b8392f89216d58f958d1d119d94a,14000000000000000000,0x7e4de055454d47bb06f310b4b16076dc6eae83c9,0xa52a60ab5e0ba8a25528e8074059f8ae1c5e3594,1000000000000000000
1672450089,0x45b82eb555aae926989cb209a282b4cf7e899087a8397ce244e2979afd65a576,0xc1286347b69ed80e640c8af18dace17df0a6dd7c,0xbc0a50d62a07b8392f89216d58f958d1d119d94a,10000000000000000000,call,0xbc0a50d62a07b8392f89216d58f958d1d119d94a,0x7e4de055454d47bb06f310b4b16076dc6eae83c9,10000000000000000000,0x7e4de055454d47bb06f310b4b16076dc6eae83c9,0xbc0a50d62a07b8392f89216d58f958d1d119d94a,14000000000000000000,0x7e4de055454d47bb06f310b4b16076dc6eae83c9,0xa52a60ab5e0ba8a25528e8074059f8ae1c5e3594,1000000000000000000
1672450089,0xd4939f47ac0e056202ac94e7f8743b107ecdf7eb700ebdb8697d34f85d75a022,0xc1286347b69ed80e640c8af18dace17df0a6dd7c,0xbc0a50d62a07b8392f89216d58f958d1d119d94a,10000000000000000000,call,0xbc0a50d62a07b8392f89216d58f958d1d119d94a,0x7e4de055454d47bb06f310b4b16076dc6eae83c9,10000000000000000000,0x7e4de055454d47bb06f310b4b16076dc6eae83c9,0xbc0a50d62a07b8392f89216d58f958d1d119d94a,14000000000000000000,0x7e4de055454d47bb06f310b4b16076dc6eae83c9,0xa52a60ab5e0ba8a25528e8074059f8ae1c5e3594,1000000000000000000
1672450089,0x96c9b406b989ae1d2c553ab1b6b9a70eea5164bf1697a58152d3373e2a6f2293,0xc1286347b69ed80e640c8af18dace17df0a6dd7c,0xbc0a50d62a07b8392f89216d58f958d1d119d94a,10000000000000000000,call,0xbc0a50d62a07b8392f89216d58f958d1d119d94a,0x7e4de055454d47bb06f310b4b16076dc6eae83c9,10000000000000000000,0x7e4de055454d47bb06f310b4b16076dc6eae83c9,0xbc0a50d62a07b8392f89216d58f958d1d119d94a,14000000000000000000,0x7e4de055454d47bb06f310b4b16076dc6eae83c9,0xa52a60ab5e0ba8a25528e8074059f8ae1c5e3594,1000000000000000000
1672450089,0x1a5df30298b25a8770c7ffc67fe9a61ba9b83fcf5770c3429d430eb524819393,0xc1286347b69ed80e640c8af18dace17df0a6dd7c,0xbc0a50d62a07b8392f89216d58f958d1d119d94a,10000000000000000000,call,0xbc0a50d62a07b8392f89216d58f958d1d119d94a,0x7e4de055454d47bb06f310b4b16076dc6eae83c9,10000000000000000000,0x7e4de055454d47bb06f310b4b16076dc6eae83c9,0xbc0a50d62a07b8392f89216d58f958d1d119d94a,14000000000000000000,0x7e4de055454d47bb06f310b4b16076dc6eae83c9,0xa52a60ab5e0ba8a25528e8074059f8ae1c5e3594,1000000000000000000
1672450142,0xfd33ab0a639556147fa93b33a2252f7a291df0308a49abc6d70fe72e0dd1ec79,0xc1286347b69ed80e640c8af18dace17df0a6dd7c,0xbc0a50d62a07b8392f89216d58f958d1d119d94a,10000000000000000000,call,0xbc0a50d62a07b8392f89216d58f958d1d119d94a,0x7e4de055454d47bb06f310b4b16076dc6eae83c9,10000000000000000000,0x7e4de055454d47bb06f310b4b16076dc6eae83c9,0xbc0a50d62a07b8392f89216d58f958d1d119d94a,4000000000000000000,0x7e4de055454d47bb06f310b4b16076dc6eae83c9,0xa52a60ab5e0ba8a25528e8074059f8ae1c5e3594,1000000000000000000
1672450283,0x9d1cdf793c696e085619b678b1bd98b8213e57ee8b5e2fcbf3117e18dce42a5d,0xc1286347b69ed80e640c8af18dace17df0a6dd7c,0xbc0a50d62a07b8392f89216d58f958d1d119d94a,10000000000000000000,call,0xbc0a50d62a07b8392f89216d58f958d1d119d94a,0x7e4de055454d47bb06f310b4b16076dc6eae83c9,10000000000000000000,0x7e4de055454d47bb06f310b4b16076dc6eae83c9,0xbc0a50d62a07b8392f89216d58f958d1d119d94a,14000000000000000000,0x7e4de055454d47bb06f310b4b16076dc6eae83c9,0xa52a60ab5e0ba8a25528e8074059f8ae1c5e3594,1000000000000000000
1672450328,0xe86b02fce822e154e949a794f18b4cd1b24c7c62ec399c9cc4989d68bcbddbfd,0xc1286347b69ed80e640c8af18dace17df0a6dd7c,0xbc0a50d62a07b8392f89216d58f958d1d119d94a,10000000000000000000,call,0xbc0a50d62a07b8392f89216d58f958d1d119d94a,0x7e4de055454d47bb06f310b4b16076dc6eae83c9,10000000000000000000,0x7e4de055454d47bb06f310b4b16076dc6eae83c9,0xbc0a50d62a07b8392f89216d58f958d1d119d94a,4000000000000000000,0x7e4de055454d47bb06f310b4b16076dc6eae83c9,0xa52a60ab5e0ba8a25528e8074059f8ae1c5e3594,1000000000000000000
1672450328,0x66414b622a5dff32e3de49823c62104d5f4241a365402b1e4218500d823c574e,0xc1286347b69ed80e640c8af18dace17df0a6dd7c,0xbc0a50d62a07b8392f89216d58f958d1d119d94a,10000000000000000000,call,0xbc0a50d62a07b8392f89216d58f958d1d119d94a,0x7e4de055454d47bb06f310b4b16076dc6eae83c9,10000000000000000000,0x7e4de055454d47bb06f310b4b16076dc6eae83c9,0xbc0a50d62a07b8392f89216d58f958d1d119d94a,4000000000000000000,0x7e4de055454d47bb06f310b4b16076dc6eae83c9,0xa52a60ab5e0ba8a25528e8074059f8ae1c5e3594,1000000000000000000
1672450328,0xf154d0c47dc8a46334dffcf47a6a0f6c22626e3c23d91d4b2f5d7d10e78c8ba0,0xc1286347b69ed80e640c8af18dace17df0a6dd7c,0xbc0a50d62a07b8392f89216d58f958d1d119d94a,10000000000000000000,call,0xbc0a50d62a07b8392f89216d58f958d1d119d94a,0x7e4de055454d47bb06f310b4b16076dc6eae83c9,10000000000000000000,0x7e4de055454d47bb06f310b4b16076dc6eae83c9,0xbc0a50d62a07b8392f89216d58f958d1d119d94a,4000000000000000000,0x7e4de055454d47bb06f310b4b16076dc6eae83c9,0xa52a60ab5e0ba8a25528e8074059f8ae1c5e3594,1000000000000000000
1672450328,0x5360176a960b42117c749a08fd049c150cc6d84bc91993ada1cbc7aee1397f39,0xc1286347b69ed80e640c8af18dace17df0a6dd7c,0xbc0a50d62a07b8392f89216d58f958d1d119d94a,10000000000000000000,call,0xbc0a50d62a07b8392f89216d58f958d1d119d94a,0x7e4de055454d47bb06f310b4b16076dc6eae83c9,10000000000000000000,0x7e4de055454d47bb06f310b4b16076dc6eae83c9,0xbc0a50d62a07b8392f89216d58f958d1d119d94a,4000000000000000000,0x7e4de055454d47bb06f310b4b16076dc6eae83c9,0xa52a60ab5e0ba8a25528e8074059f8ae1c5e3594,1000000000000000000
1672450328,0xa00aedb57283d777fd987cfe814083a6d07989cca1e33a85bee8f4bec3a7e926,0xc1286347b69ed80e640c8af18dace17df0a6dd7c,0xbc0a50d62a07b8392f89216d58f958d1d119d94a,10000000000000000000,call,0xbc0a50d62a07b8392f89216d58f958d1d119d94a,0x7e4de055454d47bb06f310b4b16076dc6eae83c9,10000000000000000000,0x7e4de055454d47bb06f310b4b16076dc6eae83c9,0xbc0a50d62a07b8392f89216d58f958d1d119d94a,4000000000000000000,0x7e4de055454d47bb06f310b4b16076dc6eae83c9,0xa52a60ab5e0ba8a25528e8074059f8ae1c5e3594,1000000000000000000
1672450328,0xc39361d2a1726ea8c1ac393ff1fb6fabc95f73c80a4d74bcc997fd3be7c65fb5,0xc1286347b69ed80e640c8af18dace17df0a6dd7c,0xbc0a50d62a07b8392f89216d58f958d1d119d94a,10000000000000000000,call,0xbc0a50d62a07b8392f89216d58f958d1d119d94a,0x7e4de055454d47bb06f310b4b16076dc6eae83c9,10000000000000000000,0x7e4de055454d47bb06f310b4b16076dc6eae83c9,0xbc0a50d62a07b8392f89216d58f958d1d119d94a,4000000000000000000,0x7e4de055454d47bb06f310b4b16076dc6eae83c9,0xa52a60ab5e0ba8a25528e8074059f8ae1c5e3594,1000000000000000000
1672450430,0x68a0e6b977097aeea33be640a51f3d460af4d244031972173bc78831835a0715,0xc1286347b69ed80e640c8af18dace17df0a6dd7c,0xbc0a50d62a07b8392f89216d58f958d1d119d94a,10000000000000000000,call,0xbc0a50d62a07b8392f89216d58f958d1d119d94a,0x7e4de055454d47bb06f310b4b16076dc6eae83c9,10000000000000000000,0x7e4de055454d47bb06f310b4b16076dc6eae83c9,0xbc0a50d62a07b8392f89216d58f958d1d119d94a,4000000000000000000,0x7e4de055454d47bb06f310b4b16076dc6eae83c9,0xa52a60ab5e0ba8a25528e8074059f8ae1c5e3594,1000000000000000000
1672450430,0x6b456a84ed4f8d8dcb864394df71ade86f1e8f1f35446869487c8ba3c150e8ef,0xc1286347b69ed80e640c8af18dace17df0a6dd7c,0xbc0a50d62a07b8392f89216d58f958d1d119d94a,10000000000000000000,call,0xbc0a50d62a07b8392f89216d58f958d1d119d94a,0x7e4de055454d47bb06f310b4b16076dc6eae83c9,10000000000000000000,0x7e4de055454d47bb06f310b4b16076dc6eae83c9,0xbc0a50d62a07b8392f89216d58f958d1d119d94a,4000000000000000000,0x7e4de055454d47bb06f310b4b16076dc6eae83c9,0xa52a60ab5e0ba8a25528e8074059f8ae1c5e3594,1000000000000000000
1672450490,0xa87300f4d2d9cb49279379833f99c4a31a87d413e8b3309770645242495fcb0f,0xc1286347b69ed80e640c8af18dace17df0a6dd7c,0xbc0a50d62a07b8392f89216d58f958d1d119d94a,10000000000000000000,call,0xbc0a50d62a07b8392f89216d58f958d1d119d94a,0x7e4de055454d47bb06f310b4b16076dc6eae83c9,10000000000000000000,0x7e4de055454d47bb06f310b4b16076dc6eae83c9,0xbc0a50d62a07b8392f89216d58f958d1d119d94a,4000000000000000000,0x7e4de055454d47bb06f310b4b16076dc6eae83c9,0xa52a60ab5e0ba8a25528e8074059f8ae1c5e3594,1000000000000000000
1672615703,0xcc4057e2733cdfd535a05fe25e9488fd2fdae0e2f13d0e5951f2f0537b754a61,0xa476616484fd7fdf0b0af702dd8dcebecc3cbf75,0xbc0a50d62a07b8392f89216d58f958d1d119d94a,0,call
1672616166,0xa65b5449bfe93907ee369ded50c6960e50867470d4d66871af3fcf858656e18e,0xa476616484fd7fdf0b0af702dd8dcebecc3cbf75,0xbc0a50d62a07b8392f89216d58f958d1d119d94a,100000000000000000000,call,0xbc0a50d62a07b8392f89216d58f958d1d119d94a,0x7e4de055454d47bb06f310b4b16076dc6eae83c9,100000000000000000000,0x7e4de055454d47bb06f310b4b16076dc6eae83c9,0xbc0a50d62a07b8392f89216d58f958d1d119d94a,40000000000000000000,0x7e4de055454d47bb06f310b4b16076dc6eae83c9,0xa52a60ab5e0ba8a25528e8074059f8ae1c5e3594,10000000000000000000
